对比组,类别,exp_id,模型,数据池,阶段,device,n_test,特征提取_秒,推理_秒,总耗时_秒,每万样本_秒,吞吐量_样本每秒,峰值显存_MB,权重_MB,测速备注,状态
50obs预训练,手工特征,tf_feat_50obs,Transformer 特征 50obs,50obs,50点预训练,cpu,244938,0.0,1410.8046,1410.8046,57.5984,173.62,0.0,867.74,CPU 1000样本外推,OK (CPU 1000样本外推)
50obs预训练,原始时序,e2e_tf_small_50,E2E Transformer 轻量 50obs,50obs,50点预训练,cpu,244938,0.0,3578.4436,3578.4436,146.0959,68.45,0.0,40.73,CPU 1000样本外推,OK (CPU 1000样本外推)
50obs预训练,原始时序,e2e_tf_matched_50,E2E Transformer 同量级 50obs,50obs,50点预训练,cpu,244938,0.0,37206.7651,37206.7651,1519.0279,6.58,0.0,867.72,CPU 1000样本外推,OK (CPU 1000样本外推)
varlen主对比,原始时序,rnn_e2e_varlen,RNN LSTM E2E,varlen,3-30端到端,cpu,257742,0.0,255.3586,255.3586,9.9075,1009.33,0.0,0.77,CPU 1000样本外推,OK (CPU 1000样本外推)
varlen主对比,手工特征,tf_feat_scratch,Transformer 特征 3-30从头,varlen,3-30从头,cpu,257742,898.169,1606.0558,2504.2248,97.1601,102.92,0.0,867.74,CPU 1000样本外推,OK (CPU 1000样本外推)
varlen主对比,手工特征,tf_feat_finetune,Transformer 特征 3-30微调,varlen,3-30微调,cpu,257742,898.169,1638.764,2536.933,98.4292,101.6,0.0,867.74,CPU 1000样本外推,OK (CPU 1000样本外推)
varlen主对比,原始时序,e2e_tf_small_ft,E2E Transformer 轻量 3-30微调,varlen,3-30微调,cpu,257742,0.0,3942.1586,3942.1586,152.9498,65.38,0.0,40.73,CPU 1000样本外推,OK (CPU 1000样本外推)
varlen主对比,原始时序,e2e_tf_matched_scratch,E2E Transformer 同量级 3-30从头,varlen,3-30从头,cpu,257742,0.0,17299.7682,17299.7682,671.2049,14.9,0.0,867.72,CPU 1000样本外推,OK (CPU 1000样本外推)
varlen主对比,原始时序,e2e_tf_matched_ft,E2E Transformer 同量级 3-30微调,varlen,3-30微调,cpu,257742,0.0,17913.9048,17913.9048,695.0324,14.39,0.0,867.72,CPU 1000样本外推,OK (CPU 1000样本外推)
